tiff,anyScriptOrigin,validate,jpg,png,onload,pdf,dpi,resolution,quality,indexed,time
0.0,0.0,0.0,1.0,0.0,0.0,0.0,100.0,307200.0,0.1,2.0,1.67
0.0,0.0,0.0,1.0,0.0,0.0,0.0,200.0,307200.0,0.9,1.0,1.71
1.0,1.0,0.0,0.0,0.0,0.0,0.0,400.0,307200.0,0.1,2.0,1.73
0.0,1.0,0.0,1.0,0.0,0.0,0.0,200.0,307200.0,0.1,1.0,1.75
0.0,1.0,0.0,1.0,0.0,0.0,0.0,200.0,307200.0,0.9,1.0,1.78
0.0,0.0,0.0,1.0,0.0,1.0,0.0,100.0,307200.0,0.1,2.0,1.81
0.0,1.0,0.0,1.0,0.0,1.0,0.0,400.0,307200.0,0.1,2.0,1.81
0.0,1.0,0.0,1.0,0.0,1.0,0.0,100.0,307200.0,0.1,2.0,1.84
0.0,0.0,0.0,1.0,0.0,0.0,0.0,400.0,2073600.0,0.1,8.0,1.84
0.0,0.0,0.0,1.0,0.0,0.0,0.0,400.0,2073600.0,0.1,1.0,1.85
0.0,0.0,0.0,1.0,0.0,1.0,0.0,400.0,307200.0,0.9,2.0,1.87
0.0,1.0,0.0,0.0,1.0,0.0,0.0,400.0,307200.0,0.1,8.0,2.03
0.0,0.0,0.0,0.0,1.0,1.0,0.0,100.0,307200.0,0.1,2.0,2.15
0.0,1.0,1.0,1.0,0.0,1.0,0.0,100.0,2073600.0,0.1,1.0,2.25
1.0,1.0,1.0,0.0,0.0,1.0,0.0,400.0,2073600.0,0.1,1.0,2.26
0.0,1.0,1.0,1.0,0.0,1.0,0.0,50.0,8294400.0,0.9,8.0,2.39
1.0,0.0,1.0,0.0,0.0,0.0,0.0,100.0,8294400.0,0.1,1.0,2.64
0.0,0.0,1.0,0.0,0.0,0.0,1.0,100.0,307200.0,0.1,2.0,3.36
0.0,0.0,0.0,0.0,1.0,1.0,0.0,50.0,2073600.0,0.1,4.0,6.39
0.0,1.0,0.0,0.0,1.0,0.0,0.0,100.0,8294400.0,0.1,8.0,15.59
