LZP,ROLZX,RANK,TEXT,skip,TPAQ,BWTS,LZ,MTFT,SRT,X86,checksum,FPAQ,RLT,BWT,TPAQX,CM,ZRLT,Range,ROLZ,ANS0,ANS1,Huffman,jobs,blocksize,time
0,0,1,0,0,0,0,0,0,0,0,0,0,0,0,0,0,0,0,0,1,0,0,8,1000000,0.16
0,0,0,0,0,1,0,1,0,0,0,0,0,0,0,0,0,0,0,0,0,0,0,4,1000000,0.44
0,0,0,0,0,0,0,0,0,0,0,0,0,0,1,0,0,0,0,0,1,0,0,4,1000000000,0.5
1,0,0,0,0,0,1,0,1,1,1,0,0,0,0,1,0,0,0,1,0,0,0,4,1000000,0.93
1,1,1,0,0,0,0,0,0,0,0,1,0,1,1,1,0,0,0,1,0,0,0,1,1000000,1.09
0,1,1,0,0,0,0,0,0,0,0,0,0,0,0,0,0,0,0,0,0,0,1,4,1000,1.18
0,1,0,0,0,0,0,0,1,0,0,0,0,0,0,0,1,0,0,0,0,0,0,8,1000,1.31
0,1,1,0,1,0,0,1,1,0,1,1,0,0,1,1,0,1,0,1,0,0,0,8,1000000000,1.55
1,0,0,0,0,0,1,1,1,1,0,0,0,0,0,1,0,1,0,0,0,0,0,8,1000,3.08
1,1,1,0,1,0,0,1,0,0,1,1,0,0,1,0,0,1,0,1,0,1,0,1,1000,3.28
1,0,0,1,0,1,1,1,1,1,0,1,1,1,1,1,1,0,1,0,0,0,1,4,1000,5.24120569309322
0,1,1,0,1,1,0,1,0,0,0,0,1,0,0,0,1,1,0,1,1,1,1,1,1000000,5.242055201423727
0,1,1,0,1,1,0,1,0,1,1,1,0,0,0,0,1,1,0,1,0,1,0,4,1000000000,5.242467011278749
0,0,1,0,0,0,0,0,1,0,0,1,0,1,0,1,0,1,1,0,0,1,0,4,1000000000,5.243539576477734
1,0,1,1,1,0,0,0,1,1,0,1,0,1,0,1,1,1,0,1,0,0,1,8,1000000,5.243809868611299
1,0,1,0,1,1,1,0,1,0,1,0,1,0,1,1,0,0,0,0,0,0,1,1,1000000000,5.243862780618615
1,0,0,0,1,1,1,0,1,0,0,1,0,1,1,1,0,0,0,0,1,0,0,1,1000000,5.244617286091556
0,1,1,1,1,0,1,1,1,1,1,0,1,1,1,0,1,0,1,0,1,0,1,1,1000,5.2456981721719655
1,1,0,0,1,0,1,0,1,1,0,0,0,0,1,0,0,1,0,0,0,0,1,4,1000,5.246223109690352
1,0,1,0,1,0,1,1,0,1,1,1,1,1,0,0,0,1,0,1,0,1,0,8,1000000000,5.246244475488501
